subreddit,topic,priority,notes
Kefir,brand_category,core,Dedicated kefir community — highest category signal
fermentation,fermentation,core,Home-ferment + kefir-making (DIY substitution risk AND category enthusiasm)
Probiotics,health,core,Gut-health / probiotic supplementation
Microbiome,health,core,Gut-microbiome science community
guthealth,health,core,Gut-health trend nexus
nutrition,health,core,General nutrition
HealthyFood,health,growth,
EatCheapAndHealthy,health_value,core,Premium vs value tradeoff for cultured dairy
Cooking,general_food,core,Largest cooking community — kefir as ingredient
keto,keto,growth,Full-fat dairy positioning
loseit,health,growth,Protein + gut-health weight management
Costco,retail,core,Kefir velocity in club channel
ValueInvesting,investing,core,Where LWAY + Danone overhang gets debated
stocks,investing,core,Active LWAY ticker discussion
investing,investing,core,General investing — LWAY as small-cap takeover situation
SmallCapStocks,investing,core,Small-cap focus — takeover-arb angle
wallstreetbets,investing,growth,
dividends,investing,growth,
