week,post_count,subreddits
2023-06-11,25,"r/Kefir,r/fermentation,r/Probiotics,r/guthealth,r/Microbiome (title+body+comments)"
2023-06-18,35,"r/Kefir,r/fermentation,r/Probiotics,r/guthealth,r/Microbiome (title+body+comments)"
2023-06-25,30,"r/Kefir,r/fermentation,r/Probiotics,r/guthealth,r/Microbiome (title+body+comments)"
2023-07-02,28,"r/Kefir,r/fermentation,r/Probiotics,r/guthealth,r/Microbiome (title+body+comments)"
2023-07-09,36,"r/Kefir,r/fermentation,r/Probiotics,r/guthealth,r/Microbiome (title+body+comments)"
2023-07-16,29,"r/Kefir,r/fermentation,r/Probiotics,r/guthealth,r/Microbiome (title+body+comments)"
2023-07-23,47,"r/Kefir,r/fermentation,r/Probiotics,r/guthealth,r/Microbiome (title+body+comments)"
2023-07-30,40,"r/Kefir,r/fermentation,r/Probiotics,r/guthealth,r/Microbiome (title+body+comments)"
2023-08-06,44,"r/Kefir,r/fermentation,r/Probiotics,r/guthealth,r/Microbiome (title+body+comments)"
2023-08-13,30,"r/Kefir,r/fermentation,r/Probiotics,r/guthealth,r/Microbiome (title+body+comments)"
2023-08-20,34,"r/Kefir,r/fermentation,r/Probiotics,r/guthealth,r/Microbiome (title+body+comments)"
2023-08-27,24,"r/Kefir,r/fermentation,r/Probiotics,r/guthealth,r/Microbiome (title+body+comments)"
2023-09-03,33,"r/Kefir,r/fermentation,r/Probiotics,r/guthealth,r/Microbiome (title+body+comments)"
2023-09-10,42,"r/Kefir,r/fermentation,r/Probiotics,r/guthealth,r/Microbiome (title+body+comments)"
2023-09-17,20,"r/Kefir,r/fermentation,r/Probiotics,r/guthealth,r/Microbiome (title+body+comments)"
2023-09-24,20,"r/Kefir,r/fermentation,r/Probiotics,r/guthealth,r/Microbiome (title+body+comments)"
2023-10-01,26,"r/Kefir,r/fermentation,r/Probiotics,r/guthealth,r/Microbiome (title+body+comments)"
2023-10-08,21,"r/Kefir,r/fermentation,r/Probiotics,r/guthealth,r/Microbiome (title+body+comments)"
2023-10-15,22,"r/Kefir,r/fermentation,r/Probiotics,r/guthealth,r/Microbiome (title+body+comments)"
2023-10-22,20,"r/Kefir,r/fermentation,r/Probiotics,r/guthealth,r/Microbiome (title+body+comments)"
2023-10-29,25,"r/Kefir,r/fermentation,r/Probiotics,r/guthealth,r/Microbiome (title+body+comments)"
2023-11-05,14,"r/Kefir,r/fermentation,r/Probiotics,r/guthealth,r/Microbiome (title+body+comments)"
2023-11-12,18,"r/Kefir,r/fermentation,r/Probiotics,r/guthealth,r/Microbiome (title+body+comments)"
2023-11-19,22,"r/Kefir,r/fermentation,r/Probiotics,r/guthealth,r/Microbiome (title+body+comments)"
2023-11-26,23,"r/Kefir,r/fermentation,r/Probiotics,r/guthealth,r/Microbiome (title+body+comments)"
2023-12-03,19,"r/Kefir,r/fermentation,r/Probiotics,r/guthealth,r/Microbiome (title+body+comments)"
2023-12-10,29,"r/Kefir,r/fermentation,r/Probiotics,r/guthealth,r/Microbiome (title+body+comments)"
2023-12-17,23,"r/Kefir,r/fermentation,r/Probiotics,r/guthealth,r/Microbiome (title+body+comments)"
2023-12-24,18,"r/Kefir,r/fermentation,r/Probiotics,r/guthealth,r/Microbiome (title+body+comments)"
2023-12-31,21,"r/Kefir,r/fermentation,r/Probiotics,r/guthealth,r/Microbiome (title+body+comments)"
2024-01-07,20,"r/Kefir,r/fermentation,r/Probiotics,r/guthealth,r/Microbiome (title+body+comments)"
2024-01-14,30,"r/Kefir,r/fermentation,r/Probiotics,r/guthealth,r/Microbiome (title+body+comments)"
2024-01-21,26,"r/Kefir,r/fermentation,r/Probiotics,r/guthealth,r/Microbiome (title+body+comments)"
2024-01-28,30,"r/Kefir,r/fermentation,r/Probiotics,r/guthealth,r/Microbiome (title+body+comments)"
2024-02-04,30,"r/Kefir,r/fermentation,r/Probiotics,r/guthealth,r/Microbiome (title+body+comments)"
2024-02-11,29,"r/Kefir,r/fermentation,r/Probiotics,r/guthealth,r/Microbiome (title+body+comments)"
2024-02-18,33,"r/Kefir,r/fermentation,r/Probiotics,r/guthealth,r/Microbiome (title+body+comments)"
2024-02-25,34,"r/Kefir,r/fermentation,r/Probiotics,r/guthealth,r/Microbiome (title+body+comments)"
2024-03-03,25,"r/Kefir,r/fermentation,r/Probiotics,r/guthealth,r/Microbiome (title+body+comments)"
2024-03-10,33,"r/Kefir,r/fermentation,r/Probiotics,r/guthealth,r/Microbiome (title+body+comments)"
2024-03-17,29,"r/Kefir,r/fermentation,r/Probiotics,r/guthealth,r/Microbiome (title+body+comments)"
2024-03-24,40,"r/Kefir,r/fermentation,r/Probiotics,r/guthealth,r/Microbiome (title+body+comments)"
2024-03-31,22,"r/Kefir,r/fermentation,r/Probiotics,r/guthealth,r/Microbiome (title+body+comments)"
2024-04-07,34,"r/Kefir,r/fermentation,r/Probiotics,r/guthealth,r/Microbiome (title+body+comments)"
2024-04-14,22,"r/Kefir,r/fermentation,r/Probiotics,r/guthealth,r/Microbiome (title+body+comments)"
2024-04-21,25,"r/Kefir,r/fermentation,r/Probiotics,r/guthealth,r/Microbiome (title+body+comments)"
2024-04-28,35,"r/Kefir,r/fermentation,r/Probiotics,r/guthealth,r/Microbiome (title+body+comments)"
2024-05-05,31,"r/Kefir,r/fermentation,r/Probiotics,r/guthealth,r/Microbiome (title+body+comments)"
2024-05-12,24,"r/Kefir,r/fermentation,r/Probiotics,r/guthealth,r/Microbiome (title+body+comments)"
2024-05-19,27,"r/Kefir,r/fermentation,r/Probiotics,r/guthealth,r/Microbiome (title+body+comments)"
2024-05-26,35,"r/Kefir,r/fermentation,r/Probiotics,r/guthealth,r/Microbiome (title+body+comments)"
2024-06-02,32,"r/Kefir,r/fermentation,r/Probiotics,r/guthealth,r/Microbiome (title+body+comments)"
2024-06-09,45,"r/Kefir,r/fermentation,r/Probiotics,r/guthealth,r/Microbiome (title+body+comments)"
2024-06-16,32,"r/Kefir,r/fermentation,r/Probiotics,r/guthealth,r/Microbiome (title+body+comments)"
2024-06-23,28,"r/Kefir,r/fermentation,r/Probiotics,r/guthealth,r/Microbiome (title+body+comments)"
2024-06-30,28,"r/Kefir,r/fermentation,r/Probiotics,r/guthealth,r/Microbiome (title+body+comments)"
2024-07-07,16,"r/Kefir,r/fermentation,r/Probiotics,r/guthealth,r/Microbiome (title+body+comments)"
2024-07-14,18,"r/Kefir,r/fermentation,r/Probiotics,r/guthealth,r/Microbiome (title+body+comments)"
2024-07-21,19,"r/Kefir,r/fermentation,r/Probiotics,r/guthealth,r/Microbiome (title+body+comments)"
2024-07-28,20,"r/Kefir,r/fermentation,r/Probiotics,r/guthealth,r/Microbiome (title+body+comments)"
2024-08-04,38,"r/Kefir,r/fermentation,r/Probiotics,r/guthealth,r/Microbiome (title+body+comments)"
2024-08-11,15,"r/Kefir,r/fermentation,r/Probiotics,r/guthealth,r/Microbiome (title+body+comments)"
2024-08-18,24,"r/Kefir,r/fermentation,r/Probiotics,r/guthealth,r/Microbiome (title+body+comments)"
2024-08-25,17,"r/Kefir,r/fermentation,r/Probiotics,r/guthealth,r/Microbiome (title+body+comments)"
2024-09-01,22,"r/Kefir,r/fermentation,r/Probiotics,r/guthealth,r/Microbiome (title+body+comments)"
2024-09-08,28,"r/Kefir,r/fermentation,r/Probiotics,r/guthealth,r/Microbiome (title+body+comments)"
2024-09-15,26,"r/Kefir,r/fermentation,r/Probiotics,r/guthealth,r/Microbiome (title+body+comments)"
2024-09-22,30,"r/Kefir,r/fermentation,r/Probiotics,r/guthealth,r/Microbiome (title+body+comments)"
2024-09-29,17,"r/Kefir,r/fermentation,r/Probiotics,r/guthealth,r/Microbiome (title+body+comments)"
2024-10-06,16,"r/Kefir,r/fermentation,r/Probiotics,r/guthealth,r/Microbiome (title+body+comments)"
2024-10-13,16,"r/Kefir,r/fermentation,r/Probiotics,r/guthealth,r/Microbiome (title+body+comments)"
2024-10-20,13,"r/Kefir,r/fermentation,r/Probiotics,r/guthealth,r/Microbiome (title+body+comments)"
2024-10-27,2,"r/Kefir,r/fermentation,r/Probiotics,r/guthealth,r/Microbiome (title+body+comments)"
